Workbook

Sheet 1. HƯỚNG DẪN
A1: BẢNG TÍNH KPI VÀ THƯỞNG — ROCKET AI
A2: Chỉ điền vào ô NỀN VÀNG. Ô nền xanh nhạt tự tính, đừng gõ đè lên.
B5: QUY ƯỚC MÀU
B6: Ô nền vàng | C6: Ô anh cần điền. Số liệu mục tiêu, số thực tế, mức lương.
B7: Ô nền xanh nhạt | C7: Ô tự tính bằng công thức. Không gõ đè, sẽ mất công thức.
B8: Chữ màu xanh | C8: Giá trị nhập tay. Chữ đen là kết quả tính ra.
B10: THỨ TỰ DÙNG
B11: Bước 1 | C11: Mở sheet '2. CẤU HÌNH' — điền mục tiêu doanh thu chuỗi, ngân sách quảng cáo, mục tiêu đăng ký.
B12: Bước 2 | C12: Mở sheet '3. LƯƠNG VÀ QUỸ' — điền tổng thu nhập mục tiêu và tỷ lệ biến động của từng người.
B13: Bước 3 | C13: Sau mỗi chuỗi, mở '4. CHỈ SỐ CÁ NHÂN' — điền số thực tế đạt được của từng chỉ số.
B14: Bước 4 | C14: Mở '5. TÍNH THƯỞNG' — bảng tự ra số tiền thưởng từng người.
B15: Bước 5 | C15: Nếu có việc CHẶN trễ, ghi vào '6. CHẾ TÀI' — khoản trừ tự trừ vào bảng 5.
B17: CÔNG THỨC GỐC
B18: Thưởng biến động | C18: Quỹ biến động × ( 0,7 × Hệ số chung + 0,3 × Hệ số cá nhân ) − Khoản trừ CHẶN
B19: Hệ số chung | C19: Tính trên doanh thu thực thu của chuỗi, theo ba bậc.
B20: Hệ số cá nhân | C20: Tổng có trọng số của 4 chỉ số vị trí, mỗi chỉ số tính theo ba bậc.
B22: BA BẬC — áp dụng cho mọi chỉ số
B23: Dưới ngưỡng | C23: Đạt dưới 80% mục tiêu → hệ số = 0
B24: Đạt | C24: Đạt 80% đến 100% → hệ số = đúng tỷ lệ đạt được (0,80 đến 1,00)
B25: Vượt | C25: Đạt trên 100% → hệ số = 1 + (phần vượt ÷ 10%) × 0,15, tối đa 1,50
B27: NGUYÊN TẮC QUAN TRỌNG NHẤT
B28: Chia trách nhiệm | C28: ĐỘI MARKETING chịu tới CỬA PHÒNG HỌC: số đăng ký đúng tệp, CPL, show rate, giữ chân.
C29: THẮNG chịu từ CỬA PHÒNG HỌC trở đi: tỷ lệ chốt, giá trị đơn, tỷ lệ lên gói cao.
B30: Khi hai bên lệch | C30: Đội đạt mà doanh thu hụt → hệ số chung của đội tính ở mức đạt tối thiểu, không cắt về 0.
C31: Đội hụt mà doanh thu đạt → tính theo doanh thu thật, nhưng phần 30% cá nhân bị cắt.
B33: LƯU Ý PHÁP LÝ
B34: Không trừ lương cứng | C34: Toàn bộ chế tài chỉ tác động vào phần thưởng biến động. Trừ lương cứng ở Việt Nam có ràng buộc pháp lý — nên nhờ người có chuyên môn rà lại quy chế trước khi áp dụng.

Sheet 2. CẤU HÌNH
A1: CẤU HÌNH MỤC TIÊU CHUỖI
A2: Điền ô nền vàng. Mọi sheet khác lấy số từ đây.
A4: THÔNG SỐ | B4: GIÁ TRỊ | C4: ĐƠN VỊ | D4: GHI CHÚ
A5: Tên chuỗi | B5: AFW chuỗi 1 | D5: Đổi tên cho mỗi chuỗi
A6: Mục tiêu doanh thu chuỗi | B6: 500000000 | C6: đồng | D6: Khoảng đã chốt: 300–700 triệu
A7: Doanh thu thực thu | B7: 0 | C7: đồng | D7: Điền sau khi chuỗi kết thúc
A8: Ngân sách quảng cáo duyệt | B8: 70000000 | C8: đồng | D8: CẦN CHỐT CON SỐ TUYỆT ĐỐI
A9: Chi quảng cáo thực tế | B9: 0 | C9: đồng | D9: Lấy từ tab ADS_DAILY
A10: Mục tiêu số đăng ký | B10: 2000 | C10: người
A11: Số đăng ký thực tế | B11: 0 | C11: người
A12: Mục tiêu CPL tệp chủ doanh nghiệp | B12: 60000 | C12: đồng | D12: Tệp này đắt hơn tệp kiếm tiền
A13: Mục tiêu CPL tệp kiếm tiền | B13: 30000 | C13: đồng | D13: Đo riêng, KHÔNG gộp chung
A14: Mục tiêu show rate | B14: 0.35 | C14: tỷ lệ | D14: Số người dự chia số đăng ký
A15: Mục tiêu tỷ lệ đăng ký là chủ doanh nghiệp | B15: 0.4 | C15: tỷ lệ | D15: Lấy từ poll buổi 1 hoặc form landing
A16: Ngưỡng dưới (không thưởng) | B16: 0.8 | C16: tỷ lệ | D16: Đạt dưới mức này thì hệ số bằng 0
A17: Hệ số vượt mỗi 10% | B17: 0.15 | C17: hệ số | D17: Vượt 10% cộng 0,15
A18: Trần hệ số vượt | B18: 1.5 | C18: hệ số | D18: Cao nhất 1,5 lần
A19: Tỷ trọng quỹ chung | B19: 0.7 | C19: tỷ lệ | D19: 70% theo doanh thu
A20: Tỷ trọng chỉ số cá nhân | B20: 0.3 | C20: tỷ lệ | D20: 30% theo chỉ số riêng
A22: HỆ SỐ CHUNG (tính tự động)
A23: Tỷ lệ đạt doanh thu | B23: =IFERROR('2. CẤU HÌNH'!$B$7/'2. CẤU HÌNH'!$B$6,0)
A24: HỆ SỐ CHUNG | B24: =IF('2. CẤU HÌNH'!$B$23<'2. CẤU HÌNH'!$B$16,0,IF('2. CẤU HÌNH'!$B$23<=1,'2. CẤU HÌNH'!$B$23,MIN('2. CẤU HÌNH'!$B$18,1+('2. CẤU HÌNH'!$B$23-1)/0.1*'2. CẤU HÌNH'!$B$17)))

Sheet 3. LƯƠNG VÀ QUỸ
A1: LƯƠNG VÀ QUỸ BIẾN ĐỘNG
A2: Điền tổng thu nhập mục tiêu và tỷ lệ biến động. Quỹ tự tính.
A4: TÊN | B4: VỊ TRÍ | C4: TỔNG THU NHẬP MỤC TIÊU / THÁNG | D4: TỶ LỆ BIẾN ĐỘNG | E4: LƯƠNG CỨNG | F4: QUỸ BIẾN ĐỘNG
A5: Thắng | B5: Founder · Lead · Giảng chính | C5: 0 | D5: 0.4 | E5: =C5*(1-D5) | F5: =C5*D5
A6: Nguyệt | B6: Ads Performance → Marketing Lead | C6: 0 | D6: 0.3 | E6: =C6*(1-D6) | F6: =C6*D6
A7: Anh Thư | B7: Content Planner | C7: 0 | D7: 0.25 | E7: =C7*(1-D7) | F7: =C7*D7
A8: Duy | B8: Video Editor | C8: 0 | D8: 0.25 | E8: =C8*(1-D8) | F8: =C8*D8
A9: Linh | B9: Support & Kỹ thuật lớp học | C9: 0 | D9: 0.2 | E9: =C9*(1-D9) | F9: =C9*D9
A10: Đoan | B10: Support & Kỹ thuật lớp học | C10: 0 | D10: 0.2 | E10: =C10*(1-D10) | F10: =C10*D10
A11: Cường | B11: Support & Kỹ thuật lớp học | C11: 0 | D11: 0.2 | E11: =C11*(1-D11) | F11: =C11*D11
B12: TỔNG | C12: =SUM(C5:C11) | E12: =SUM(E5:E11) | F12: =SUM(F5:F11)
A14: Lưu ý: tỷ lệ biến động đang để mức đề xuất. Thắng 40% vì gánh doanh thu, nhóm Support 20% vì ít kiểm soát kết quả cuối. Sửa lại cho phù hợp.

Sheet 4. CHỈ SỐ CÁ NHÂN
A1: CHỈ SỐ CÁ NHÂN TỪNG VỊ TRÍ
A2: Điền cột MỤC TIÊU và THỰC TẾ. Hệ số tự tính theo ba bậc. Mỗi người tối đa 4 chỉ số.
A4: NGƯỜI | B4: CHỈ SỐ | C4: TRỌNG SỐ | D4: MỤC TIÊU | E4: THỰC TẾ | F4: TỶ LỆ ĐẠT | G4: HỆ SỐ 3 BẬC | H4: ĐÓNG GÓP
A5: Thắng | B5: Doanh thu chuỗi | C5: 0.4 | D5: 0 | E5: 0 | F5: =IFERROR(E5/D5,0) | G5: =IF(F5<'2. CẤU HÌNH'!$B$16,0,IF(F5<=1,F5,MIN('2. CẤU HÌNH'!$B$18,1+(F5-1)/0.1*'2. CẤU HÌNH'!$B$17))) | H5: =C5*G5
A6: Thắng | B6: Tỷ lệ chốt trên số người dự buổi bán | C6: 0.25 | D6: 0 | E6: 0 | F6: =IFERROR(E6/D6,0) | G6: =IF(F6<'2. CẤU HÌNH'!$B$16,0,IF(F6<=1,F6,MIN('2. CẤU HÌNH'!$B$18,1+(F6-1)/0.1*'2. CẤU HÌNH'!$B$17))) | H6: =C6*G6
A7: Thắng | B7: Giá trị đơn trung bình | C7: 0.2 | D7: 0 | E7: 0 | F7: =IFERROR(E7/D7,0) | G7: =IF(F7<'2. CẤU HÌNH'!$B$16,0,IF(F7<=1,F7,MIN('2. CẤU HÌNH'!$B$18,1+(F7-1)/0.1*'2. CẤU HÌNH'!$B$17))) | H7: =C7*G7
A8: Thắng | B8: Số buổi/module đã đóng gói thành video | C8: 0.15 | D8: 0 | E8: 0 | F8: =IFERROR(E8/D8,0) | G8: =IF(F8<'2. CẤU HÌNH'!$B$16,0,IF(F8<=1,F8,MIN('2. CẤU HÌNH'!$B$18,1+(F8-1)/0.1*'2. CẤU HÌNH'!$B$17))) | H8: =C8*G8
A10: Nguyệt | B10: Số đăng ký đạt mục tiêu | C10: 0.3 | D10: 0 | E10: 0 | F10: =IFERROR(E10/D10,0) | G10: =IF(F10<'2. CẤU HÌNH'!$B$16,0,IF(F10<=1,F10,MIN('2. CẤU HÌNH'!$B$18,1+(F10-1)/0.1*'2. CẤU HÌNH'!$B$17))) | H10: =C10*G10
A11: Nguyệt | B11: CPL tệp chủ doanh nghiệp (thấp hơn là tốt) | C11: 0.3 | D11: 0 | E11: 0 | F11: =IFERROR(D11/E11,0) | G11: =IF(F11<'2. CẤU HÌNH'!$B$16,0,IF(F11<=1,F11,MIN('2. CẤU HÌNH'!$B$18,1+(F11-1)/0.1*'2. CẤU HÌNH'!$B$17))) | H11: =C11*G11
A12: Nguyệt | B12: Tỷ lệ đăng ký khai là chủ doanh nghiệp | C12: 0.25 | D12: 0 | E12: 0 | F12: =IFERROR(E12/D12,0) | G12: =IF(F12<'2. CẤU HÌNH'!$B$16,0,IF(F12<=1,F12,MIN('2. CẤU HÌNH'!$B$18,1+(F12-1)/0.1*'2. CẤU HÌNH'!$B$17))) | H12: =C12*G12
A13: Nguyệt | B13: Báo cáo hằng ngày đúng hạn | C13: 0.15 | D13: 0 | E13: 0 | F13: =IFERROR(E13/D13,0) | G13: =IF(F13<'2. CẤU HÌNH'!$B$16,0,IF(F13<=1,F13,MIN('2. CẤU HÌNH'!$B$18,1+(F13-1)/0.1*'2. CẤU HÌNH'!$B$17))) | H13: =C13*G13
A15: Anh Thư | B15: Nội dung giao đúng hạn theo sổ tay chuỗi | C15: 0.3 | D15: 0 | E15: 0 | F15: =IFERROR(E15/D15,0) | G15: =IF(F15<'2. CẤU HÌNH'!$B$16,0,IF(F15<=1,F15,MIN('2. CẤU HÌNH'!$B$18,1+(F15-1)/0.1*'2. CẤU HÌNH'!$B$17))) | H15: =C15*G15
A16: Anh Thư | B16: Tỷ lệ bình luận trên reach | C16: 0.25 | D16: 0 | E16: 0 | F16: =IFERROR(E16/D16,0) | G16: =IF(F16<'2. CẤU HÌNH'!$B$16,0,IF(F16<=1,F16,MIN('2. CẤU HÌNH'!$B$18,1+(F16-1)/0.1*'2. CẤU HÌNH'!$B$17))) | H16: =C16*G16
A17: Anh Thư | B17: Số lead gắn UTM từ nội dung organic | C17: 0.3 | D17: 0 | E17: 0 | F17: =IFERROR(E17/D17,0) | G17: =IF(F17<'2. CẤU HÌNH'!$B$16,0,IF(F17<=1,F17,MIN('2. CẤU HÌNH'!$B$18,1+(F17-1)/0.1*'2. CẤU HÌNH'!$B$17))) | H17: =C17*G17
A18: Anh Thư | B18: Tỷ lệ ad copy được duyệt ngay lần đầu | C18: 0.15 | D18: 0 | E18: 0 | F18: =IFERROR(E18/D18,0) | G18: =IF(F18<'2. CẤU HÌNH'!$B$16,0,IF(F18<=1,F18,MIN('2. CẤU HÌNH'!$B$18,1+(F18-1)/0.1*'2. CẤU HÌNH'!$B$17))) | H18: =C18*G18
A20: Duy | B20: Giao record vé trả phí trong 12 giờ (CHẶN) | C20: 0.3 | D20: 0 | E20: 0 | F20: =IFERROR(E20/D20,0) | G20: =IF(F20<'2. CẤU HÌNH'!$B$16,0,IF(F20<=1,F20,MIN('2. CẤU HÌNH'!$B$18,1+(F20-1)/0.1*'2. CẤU HÌNH'!$B$17))) | H20: =C20*G20
A21: Duy | B21: Giao highlight trước 12:00 tuần live | C21: 0.25 | D21: 0 | E21: 0 | F21: =IFERROR(E21/D21,0) | G21: =IF(F21<'2. CẤU HÌNH'!$B$16,0,IF(F21<=1,F21,MIN('2. CẤU HÌNH'!$B$18,1+(F21-1)/0.1*'2. CẤU HÌNH'!$B$17))) | H21: =C21*G21
A22: Duy | B22: Số biến thể ad xuất đúng hạn | C22: 0.25 | D22: 0 | E22: 0 | F22: =IFERROR(E22/D22,0) | G22: =IF(F22<'2. CẤU HÌNH'!$B$16,0,IF(F22<=1,F22,MIN('2. CẤU HÌNH'!$B$18,1+(F22-1)/0.1*'2. CẤU HÌNH'!$B$17))) | H22: =C22*G22
A23: Duy | B23: Tỷ lệ xem hết của video ngắn | C23: 0.2 | D23: 0 | E23: 0 | F23: =IFERROR(E23/D23,0) | G23: =IF(F23<'2. CẤU HÌNH'!$B$16,0,IF(F23<=1,F23,MIN('2. CẤU HÌNH'!$B$18,1+(F23-1)/0.1*'2. CẤU HÌNH'!$B$17))) | H23: =C23*G23
A25: Linh | B25: Show rate | C25: 0.3 | D25: 0 | E25: 0 | F25: =IFERROR(E25/D25,0) | G25: =IF(F25<'2. CẤU HÌNH'!$B$16,0,IF(F25<=1,F25,MIN('2. CẤU HÌNH'!$B$18,1+(F25-1)/0.1*'2. CẤU HÌNH'!$B$17))) | H25: =C25*G25
A26: Linh | B26: Tỷ lệ giữ chân đến 22:30 | C26: 0.2 | D26: 0 | E26: 0 | F26: =IFERROR(E26/D26,0) | G26: =IF(F26<'2. CẤU HÌNH'!$B$16,0,IF(F26<=1,F26,MIN('2. CẤU HÌNH'!$B$18,1+(F26-1)/0.1*'2. CẤU HÌNH'!$B$17))) | H26: =C26*G26
A27: Linh | B27: Sự cố kỹ thuật gián đoạn buổi học (thấp hơn tốt) | C27: 0.3 | D27: 0 | E27: 0 | F27: =IFERROR(D27/E27,0) | G27: =IF(F27<'2. CẤU HÌNH'!$B$16,0,IF(F27<=1,F27,MIN('2. CẤU HÌNH'!$B$18,1+(F27-1)/0.1*'2. CẤU HÌNH'!$B$17))) | H27: =C27*G27
A28: Linh | B28: Xử lý form kim cương trong 24 giờ | C28: 0.2 | D28: 0 | E28: 0 | F28: =IFERROR(E28/D28,0) | G28: =IF(F28<'2. CẤU HÌNH'!$B$16,0,IF(F28<=1,F28,MIN('2. CẤU HÌNH'!$B$18,1+(F28-1)/0.1*'2. CẤU HÌNH'!$B$17))) | H28: =C28*G28
A30: Đoan | B30: Show rate | C30: 0.3 | D30: 0 | E30: 0 | F30: =IFERROR(E30/D30,0) | G30: =IF(F30<'2. CẤU HÌNH'!$B$16,0,IF(F30<=1,F30,MIN('2. CẤU HÌNH'!$B$18,1+(F30-1)/0.1*'2. CẤU HÌNH'!$B$17))) | H30: =C30*G30
A31: Đoan | B31: Tỷ lệ giữ chân đến 22:30 | C31: 0.2 | D31: 0 | E31: 0 | F31: =IFERROR(E31/D31,0) | G31: =IF(F31<'2. CẤU HÌNH'!$B$16,0,IF(F31<=1,F31,MIN('2. CẤU HÌNH'!$B$18,1+(F31-1)/0.1*'2. CẤU HÌNH'!$B$17))) | H31: =C31*G31
A32: Đoan | B32: Sự cố kỹ thuật gián đoạn buổi học (thấp hơn tốt) | C32: 0.3 | D32: 0 | E32: 0 | F32: =IFERROR(D32/E32,0) | G32: =IF(F32<'2. CẤU HÌNH'!$B$16,0,IF(F32<=1,F32,MIN('2. CẤU HÌNH'!$B$18,1+(F32-1)/0.1*'2. CẤU HÌNH'!$B$17))) | H32: =C32*G32
A33: Đoan | B33: Xử lý form kim cương trong 24 giờ | C33: 0.2 | D33: 0 | E33: 0 | F33: =IFERROR(E33/D33,0) | G33: =IF(F33<'2. CẤU HÌNH'!$B$16,0,IF(F33<=1,F33,MIN('2. CẤU HÌNH'!$B$18,1+(F33-1)/0.1*'2. CẤU HÌNH'!$B$17))) | H33: =C33*G33
A35: Cường | B35: Show rate | C35: 0.3 | D35: 0 | E35: 0 | F35: =IFERROR(E35/D35,0) | G35: =IF(F35<'2. CẤU HÌNH'!$B$16,0,IF(F35<=1,F35,MIN('2. CẤU HÌNH'!$B$18,1+(F35-1)/0.1*'2. CẤU HÌNH'!$B$17))) | H35: =C35*G35
A36: Cường | B36: Tỷ lệ giữ chân đến 22:30 | C36: 0.2 | D36: 0 | E36: 0 | F36: =IFERROR(E36/D36,0) | G36: =IF(F36<'2. CẤU HÌNH'!$B$16,0,IF(F36<=1,F36,MIN('2. CẤU HÌNH'!$B$18,1+(F36-1)/0.1*'2. CẤU HÌNH'!$B$17))) | H36: =C36*G36
A37: Cường | B37: Sự cố kỹ thuật gián đoạn buổi học (thấp hơn tốt) | C37: 0.3 | D37: 0 | E37: 0 | F37: =IFERROR(D37/E37,0) | G37: =IF(F37<'2. CẤU HÌNH'!$B$16,0,IF(F37<=1,F37,MIN('2. CẤU HÌNH'!$B$18,1+(F37-1)/0.1*'2. CẤU HÌNH'!$B$17))) | H37: =C37*G37
A38: Cường | B38: Xử lý form kim cương trong 24 giờ | C38: 0.2 | D38: 0 | E38: 0 | F38: =IFERROR(E38/D38,0) | G38: =IF(F38<'2. CẤU HÌNH'!$B$16,0,IF(F38<=1,F38,MIN('2. CẤU HÌNH'!$B$18,1+(F38-1)/0.1*'2. CẤU HÌNH'!$B$17))) | H38: =C38*G38
B40: Chỉ số ghi 'thấp hơn là tốt' được tính ngược: tỷ lệ đạt = Mục tiêu chia Thực tế.

Sheet 5. TÍNH THƯỞNG
A1: BẢNG TÍNH THƯỞNG CUỐI CHUỖI
A2: Tự tính hết. Chỉ cần điền xong sheet 2, 3, 4 và 6.
A4: TÊN | B4: VỊ TRÍ | C4: QUỸ BIẾN ĐỘNG | D4: HỆ SỐ CHUNG (70%) | E4: HỆ SỐ CÁ NHÂN (30%) | F4: HỆ SỐ CUỐI | G4: THƯỞNG TRƯỚC TRỪ | H4: TRỪ CHẶN | I4: THỰC NHẬN THƯỞNG
A5: Thắng | B5: Founder · Lead · Giảng chính | C5: ='3. LƯƠNG VÀ QUỸ'!F5 | D5: ='2. CẤU HÌNH'!$B$24 | E5: =IFERROR(SUMIF('4. CHỈ SỐ CÁ NHÂN'!$A$5:$A$38,"Thắng",'4. CHỈ SỐ CÁ NHÂN'!$H$5:$H$38),0) | F5: ='2. CẤU HÌNH'!$B$19*D5+'2. CẤU HÌNH'!$B$20*E5 | G5: =C5*F5 | H5: =IFERROR(SUMIF('6. CHẾ TÀI'!$B$5:$B$40,A5,'6. CHẾ TÀI'!$F$5:$F$40),0) | I5: =MAX(0,G5-H5)
A6: Nguyệt | B6: Ads Performance → Marketing Lead | C6: ='3. LƯƠNG VÀ QUỸ'!F6 | D6: ='2. CẤU HÌNH'!$B$24 | E6: =IFERROR(SUMIF('4. CHỈ SỐ CÁ NHÂN'!$A$5:$A$38,"Nguyệt",'4. CHỈ SỐ CÁ NHÂN'!$H$5:$H$38),0) | F6: ='2. CẤU HÌNH'!$B$19*D6+'2. CẤU HÌNH'!$B$20*E6 | G6: =C6*F6 | H6: =IFERROR(SUMIF('6. CHẾ TÀI'!$B$5:$B$40,A6,'6. CHẾ TÀI'!$F$5:$F$40),0) | I6: =MAX(0,G6-H6)
A7: Anh Thư | B7: Content Planner | C7: ='3. LƯƠNG VÀ QUỸ'!F7 | D7: ='2. CẤU HÌNH'!$B$24 | E7: =IFERROR(SUMIF('4. CHỈ SỐ CÁ NHÂN'!$A$5:$A$38,"Anh Thư",'4. CHỈ SỐ CÁ NHÂN'!$H$5:$H$38),0) | F7: ='2. CẤU HÌNH'!$B$19*D7+'2. CẤU HÌNH'!$B$20*E7 | G7: =C7*F7 | H7: =IFERROR(SUMIF('6. CHẾ TÀI'!$B$5:$B$40,A7,'6. CHẾ TÀI'!$F$5:$F$40),0) | I7: =MAX(0,G7-H7)
A8: Duy | B8: Video Editor | C8: ='3. LƯƠNG VÀ QUỸ'!F8 | D8: ='2. CẤU HÌNH'!$B$24 | E8: =IFERROR(SUMIF('4. CHỈ SỐ CÁ NHÂN'!$A$5:$A$38,"Duy",'4. CHỈ SỐ CÁ NHÂN'!$H$5:$H$38),0) | F8: ='2. CẤU HÌNH'!$B$19*D8+'2. CẤU HÌNH'!$B$20*E8 | G8: =C8*F8 | H8: =IFERROR(SUMIF('6. CHẾ TÀI'!$B$5:$B$40,A8,'6. CHẾ TÀI'!$F$5:$F$40),0) | I8: =MAX(0,G8-H8)
A9: Linh | B9: Support & Kỹ thuật lớp học | C9: ='3. LƯƠNG VÀ QUỸ'!F9 | D9: ='2. CẤU HÌNH'!$B$24 | E9: =IFERROR(SUMIF('4. CHỈ SỐ CÁ NHÂN'!$A$5:$A$38,"Linh",'4. CHỈ SỐ CÁ NHÂN'!$H$5:$H$38),0) | F9: ='2. CẤU HÌNH'!$B$19*D9+'2. CẤU HÌNH'!$B$20*E9 | G9: =C9*F9 | H9: =IFERROR(SUMIF('6. CHẾ TÀI'!$B$5:$B$40,A9,'6. CHẾ TÀI'!$F$5:$F$40),0) | I9: =MAX(0,G9-H9)
A10: Đoan | B10: Support & Kỹ thuật lớp học | C10: ='3. LƯƠNG VÀ QUỸ'!F10 | D10: ='2. CẤU HÌNH'!$B$24 | E10: =IFERROR(SUMIF('4. CHỈ SỐ CÁ NHÂN'!$A$5:$A$38,"Đoan",'4. CHỈ SỐ CÁ NHÂN'!$H$5:$H$38),0) | F10: ='2. CẤU HÌNH'!$B$19*D10+'2. CẤU HÌNH'!$B$20*E10 | G10: =C10*F10 | H10: =IFERROR(SUMIF('6. CHẾ TÀI'!$B$5:$B$40,A10,'6. CHẾ TÀI'!$F$5:$F$40),0) | I10: =MAX(0,G10-H10)
A11: Cường | B11: Support & Kỹ thuật lớp học | C11: ='3. LƯƠNG VÀ QUỸ'!F11 | D11: ='2. CẤU HÌNH'!$B$24 | E11: =IFERROR(SUMIF('4. CHỈ SỐ CÁ NHÂN'!$A$5:$A$38,"Cường",'4. CHỈ SỐ CÁ NHÂN'!$H$5:$H$38),0) | F11: ='2. CẤU HÌNH'!$B$19*D11+'2. CẤU HÌNH'!$B$20*E11 | G11: =C11*F11 | H11: =IFERROR(SUMIF('6. CHẾ TÀI'!$B$5:$B$40,A11,'6. CHẾ TÀI'!$F$5:$F$40),0) | I11: =MAX(0,G11-H11)
B12: TỔNG CHI THƯỞNG | G12: =SUM(G5:G11) | H12: =SUM(H5:H11) | I12: =SUM(I5:I11)
A14: KIỂM TRA SỨC KHOẺ CHI PHÍ
A15: Tổng thưởng / Doanh thu thực thu | C15: =IFERROR(I12/'2. CẤU HÌNH'!$B$7,0) | D15: Nếu vượt 15% thì xem lại cơ cấu thưởng

Sheet 6. CHẾ TÀI
A1: GHI NHẬN CHẾ TÀI VIỆC CHẶN TRỄ
A2: Chỉ việc gắn nhãn CHẶN mới bị chế tài. Đã báo 'Đang tắc' đúng quy trình thì KHÔNG trừ.
A4: MÃ VIỆC | B4: NGƯỜI | C4: MỨC | D4: SỐ GIỜ QUÁ HẠN | E4: ĐÃ BÁO TẮC ĐÚNG QUY TRÌNH? | F4: SỐ TIỀN TRỪ | G4: GHI CHÚ
F5: =IF(OR(B5="",E5="Có"),0,IFERROR(INDEX('3. LƯƠNG VÀ QUỸ'!$F$5:$F$11,MATCH(B5,'3. LƯƠNG VÀ QUỸ'!$A$5:$A$11,0))*IF(C5="Trừ bậc 2",0.25,IF(C5="Trừ bậc 1",0.1,0)),0))
F6: =IF(OR(B6="",E6="Có"),0,IFERROR(INDEX('3. LƯƠNG VÀ QUỸ'!$F$5:$F$11,MATCH(B6,'3. LƯƠNG VÀ QUỸ'!$A$5:$A$11,0))*IF(C6="Trừ bậc 2",0.25,IF(C6="Trừ bậc 1",0.1,0)),0))
F7: =IF(OR(B7="",E7="Có"),0,IFERROR(INDEX('3. LƯƠNG VÀ QUỸ'!$F$5:$F$11,MATCH(B7,'3. LƯƠNG VÀ QUỸ'!$A$5:$A$11,0))*IF(C7="Trừ bậc 2",0.25,IF(C7="Trừ bậc 1",0.1,0)),0))
F8: =IF(OR(B8="",E8="Có"),0,IFERROR(INDEX('3. LƯƠNG VÀ QUỸ'!$F$5:$F$11,MATCH(B8,'3. LƯƠNG VÀ QUỸ'!$A$5:$A$11,0))*IF(C8="Trừ bậc 2",0.25,IF(C8="Trừ bậc 1",0.1,0)),0))
F9: =IF(OR(B9="",E9="Có"),0,IFERROR(INDEX('3. LƯƠNG VÀ QUỸ'!$F$5:$F$11,MATCH(B9,'3. LƯƠNG VÀ QUỸ'!$A$5:$A$11,0))*IF(C9="Trừ bậc 2",0.25,IF(C9="Trừ bậc 1",0.1,0)),0))
F10: =IF(OR(B10="",E10="Có"),0,IFERROR(INDEX('3. LƯƠNG VÀ QUỸ'!$F$5:$F$11,MATCH(B10,'3. LƯƠNG VÀ QUỸ'!$A$5:$A$11,0))*IF(C10="Trừ bậc 2",0.25,IF(C10="Trừ bậc 1",0.1,0)),0))
F11: =IF(OR(B11="",E11="Có"),0,IFERROR(INDEX('3. LƯƠNG VÀ QUỸ'!$F$5:$F$11,MATCH(B11,'3. LƯƠNG VÀ QUỸ'!$A$5:$A$11,0))*IF(C11="Trừ bậc 2",0.25,IF(C11="Trừ bậc 1",0.1,0)),0))
F12: =IF(OR(B12="",E12="Có"),0,IFERROR(INDEX('3. LƯƠNG VÀ QUỸ'!$F$5:$F$11,MATCH(B12,'3. LƯƠNG VÀ QUỸ'!$A$5:$A$11,0))*IF(C12="Trừ bậc 2",0.25,IF(C12="Trừ bậc 1",0.1,0)),0))
F13: =IF(OR(B13="",E13="Có"),0,IFERROR(INDEX('3. LƯƠNG VÀ QUỸ'!$F$5:$F$11,MATCH(B13,'3. LƯƠNG VÀ QUỸ'!$A$5:$A$11,0))*IF(C13="Trừ bậc 2",0.25,IF(C13="Trừ bậc 1",0.1,0)),0))
F14: =IF(OR(B14="",E14="Có"),0,IFERROR(INDEX('3. LƯƠNG VÀ QUỸ'!$F$5:$F$11,MATCH(B14,'3. LƯƠNG VÀ QUỸ'!$A$5:$A$11,0))*IF(C14="Trừ bậc 2",0.25,IF(C14="Trừ bậc 1",0.1,0)),0))
F15: =IF(OR(B15="",E15="Có"),0,IFERROR(INDEX('3. LƯƠNG VÀ QUỸ'!$F$5:$F$11,MATCH(B15,'3. LƯƠNG VÀ QUỸ'!$A$5:$A$11,0))*IF(C15="Trừ bậc 2",0.25,IF(C15="Trừ bậc 1",0.1,0)),0))
F16: =IF(OR(B16="",E16="Có"),0,IFERROR(INDEX('3. LƯƠNG VÀ QUỸ'!$F$5:$F$11,MATCH(B16,'3. LƯƠNG VÀ QUỸ'!$A$5:$A$11,0))*IF(C16="Trừ bậc 2",0.25,IF(C16="Trừ bậc 1",0.1,0)),0))
... F40: =IF(OR(B40="",E40="Có"),0,IFERROR(INDEX('3. LƯƠNG VÀ QUỸ'!$F$5:$F$11,MATCH(B40,'3. LƯƠNG VÀ QUỸ'!$A$5:$A$11,0))*IF(C40="Trừ bậc 2",0.25,IF(C40="Trừ bậc 1",0.1,0)),0))
A43: ĐỊNH NGHĨA MỨC
A44: Cảnh báo — Việc CHẶN quá hạn dưới 24 giờ, đã báo trước. Không trừ, chỉ ghi nhận.
A45: Trừ bậc 1 — Việc CHẶN quá hạn 24 đến 48 giờ. Trừ 10% quỹ biến động tháng đó.
A46: Trừ bậc 2 — Việc CHẶN quá hạn trên 48 giờ HOẶC làm hỏng một buổi live. Trừ 25% quỹ biến động.
A48: ĐIỀU KHOẢN QUAN TRỌNG NHẤT
A49: Nếu người đó đã chọn trạng thái 'Đang tắc' trong sheet TIEN_DO và báo trong họp đầu ngày thì KHÔNG BỊ TRỪ.
A50: Trách nhiệm chuyển sang người điều phối. Điều khoản này khuyến khích báo sớm thay vì giấu.
